{"train_loss": [1.8115853476074506, 1.678433503347814, 1.6259481672706138, 1.5995495961059079, 1.5678720630366318, 1.5528362937825633, 1.5385123050702398, 1.5192570583140281, 1.5113277780625982, 1.5025521118553578, 1.4866225933790471, 1.481047478288445, 1.4741985334804928, 1.4668856204283753, 1.458820409171457, 1.453069691454266, 1.4423862903417148, 1.4422905690529768, 1.4270704725341712, 1.420497415928412], "train_acc": [0.2866160615189472, 0.3596087019713546, 0.37921819671264734, 0.39333610802811686, 0.4034125442629882, 0.40736978753765657, 0.41531069975159873, 0.42288825907721583, 0.4249345964801015, 0.4289034009830347, 0.43681458432429576, 0.43610439458802386, 0.4349763490301781, 0.43847774959040225, 0.4416009328259606, 0.4475533137783415, 0.44942127794514036, 0.44895387400243114, 0.4514164156228529, 0.45807403149939224], "test_loss": [1.5551045510024506, 1.4618322792635783, 1.5443805642257449, 1.3828693296574899, 1.3663533224104756, 1.3470333671677706, 1.3522594557628373, 1.501568382142356, 1.344479796573587, 1.2814529581307286, 1.3239644034955296, 1.283007033674965, 1.2730111603823182, 1.2959673806552974, 1.2605094089766973, 1.2703208228851335, 1.274041577836507, 1.2533405851319903, 1.2706434466450462, 1.3759228055833153], "test_acc": [0.4073377131917856, 0.45340236686390534, 0.41676818656456666, 0.47086016359206406, 0.47376435781413156, 0.4727745388096067, 0.4784524016707275, 0.4114927775844065, 0.4789201183431953, 0.5108445005221023, 0.49196179951270447, 0.5120409850330665, 0.5127915071353986, 0.49984772015315004, 0.5063196136442742, 0.5118669509223808, 0.5113339714584059, 0.5222981204316046, 0.5137813261399234, 0.4715780542986425]}