{"train_loss": [1.5664487346824874, 1.3351233098139113, 1.2263266155113788, 1.1507940292358398, 1.0952347948998378, 1.0257707932151514, 0.9741831330890528, 0.9266310544574962, 0.8800567220503693, 0.829057116851161], "train_acc": [0.4122948707785001, 0.5081275434702183, 0.5519974499233656, 0.5783108054542572, 0.6026703134083823, 0.6231716743301093, 0.642386435706358, 0.6604748031287987, 0.6810769118968342, 0.7024238940859362], "test_loss": [1.225168086824374, 1.1538977364069736, 1.103489165729527, 1.057782742569889, 1.0504685073281845, 1.0524717711620202, 1.075977575421603, 1.051832424839158, 1.051965786523409, 1.1015139812797443], "test_acc": [0.537069265576053, 0.5586712495649148, 0.582959885137487, 0.6079120257570483, 0.606574138531152, 0.6174186390532544, 0.6130134006265229, 0.624314740689175, 0.6322224155934563, 0.624314740689175]}